{
    "data": {
        "tags": [{
            "name": "RNA://",
            "value": [{
                "name": "$Global",
                "value": [{
                        "name": "FTViewDemo",
                        "value": [{}]
                    },
                    {
                        "name": "InstantFizz",
                        "value": [{}]
                    },
                    {
                        "name": "RATechED",
                        "value": [{
                            "name": "TechED2017",
                            "value": [{
                                    "name": "Diagnostic Items",
                                    "value": [{}]
                                },
                                {
                                    "name": "Online",
                                    "value": [{
                                            "name": "CONSTANTS",
                                            "value": [{}]
                                        },
                                        {
                                            "name": "Line",
                                            "value": [{
                                                    "name": "DATA",
                                                    "value": [{
                                                            "itemId": "DATA[0]",
                                                            "valueType": "Integer"
                                                        },
                                                        {
                                                            "itemId": "DATA[1]",
                                                            "valueType": "String"
                                                        },
                                                        {
                                                            "itemId": "DATA[2]",
                                                            "valueType": "Integer"
                                                        }
                                                    ]
                                                },
                                                {
                                                    "name": "JOB",
                                                    "value": [{
                                                            "name": "JobID",
                                                            "value": [{
                                                                "name": "DATA",
                                                                "value": [{
                                                                        "itemId": "DATA[0]",
                                                                        "valueType": "Integer"
                                                                    },
                                                                    {
                                                                        "itemId": "DATA[1]",
                                                                        "valueType": "String"
                                                                    },
                                                                    {
                                                                        "itemId": "DATA[2]",
                                                                        "valueType": "Integer"
                                                                    }
                                                                ]
                                                            }]
                                                        },
                                                        {
                                                            "name": "MatID",
                                                            "value": [{
                                                                "name": "DATA",
                                                                "value": [{
                                                                        "itemId": "DATA[0]",
                                                                        "valueType": "Integer"
                                                                    },
                                                                    {
                                                                        "itemId": "DATA[1]",
                                                                        "valueType": "String"
                                                                    },
                                                                    {
                                                                        "itemId": "DATA[2]",
                                                                        "valueType": "Integer"
                                                                    }
                                                                ]
                                                            }]
                                                        }
                                                    ]
                                                },
                                                {
                                                    "name": "SIMULATION",
                                                    "value": [{}]
                                                },
                                                {
                                                    "name": "TAGS",
                                                    "value": [{}]
                                                }
                                            ]
                                        },
                                        {
                                            "name": "Line1",
                                            "value": [{}]
                                        }
                                    ]
                                }
                            ]
                        }]
                    }
                ]
            }]
        }]
    }
}