{
  "data": {
    "tags": [{
        "tagID": "Machine0_161130185117280TRC",
        "itemID": "TRC",
        "valueType": "Integer",
        "tagPath": "RNA://$Global/CPGApp/Area/[pm_perf]Machine0_161130185117280.DATA.TotalRejectCount",
        "description": ""
      },
      {
        "tagID": "Machine0_161130185117280JobID",
        "itemID": "JobID",
        "valueType": "String",
        "tagPath": "RNA://$Global/CPGApp/Area/[pm_perf]Machine0_161130185117280.JOB.JobID",
        "description": ""
      },
      {
        "tagID": "Machine0_161130185117280TRC",
        "itemID": "TRC",
        "valueType": "Integer",
        "tagPath": "RNA://$Global/CPGApp/Area/[pm_perf]Machine0_161130185117280.DATA.TotalRejectCount",
        "description": ""
      },
      {
        "tagID": "Machine0_161130185117280JobID",
        "itemID": "JobID",
        "valueType": "Boolean",
        "tagPath": "RNA://$Global/CPGApp/Area/[pm_perf]Machine0_161130185117280.JOB.JobID",
        "description": ""
      },
      {
        "tagID": "Machine0_161130185117280TRC",
        "itemID": "TRC",
        "valueType": "Float",
        "tagPath": "RNA://$Global/CPGApp/Area/[pm_perf]Machine0_161130185117280.DATA.TotalRejectCount",
        "description": ""
      },
      {
        "tagID": "Machine0_161130185117280JobID",
        "itemID": "JobID",
        "valueType": "String",
        "tagPath": "RNA://$Global/CPGApp/Area/[pm_perf]Machine0_161130185117280.JOB.JobID",
        "description": ""
      },
      {
        "tagID": "Machine0_161130185117280TRC",
        "itemID": "TRC",
        "valueType": "Boolean",
        "tagPath": "RNA://$Global/CPGApp/Area/[pm_perf]Machine0_161130185117280.DATA.TotalRejectCount",
        "description": ""
      },
      {
        "tagID": "Machine0_161130185117280JobID",
        "itemID": "JobID",
        "valueType": "Float",
        "tagPath": "RNA://$Global/CPGApp/Area/[pm_perf]Machine0_161130185117280.JOB.JobID",
        "description": ""
      }
    ]
  }
}