<?xml version="1.0" encoding="UTF-8"?>
<dataConfig>
	<dataSource type="JdbcDataSource" driver="oracle.jdbc.driver.OracleDriver"
		url="jdbc:oracle:thin:@10.90.1.189:1521:WADDEN" user="CM1701_PD" password="CM1701_PD" />
	<document>
		<entity name="id"
			query="select distinct PROC_PARAM_INST_ID,
PROC_PARAM_ID,
PROC_PARAM_NAME,
PROC_PARAM_DESC,
PROC_PARAM_VALUE,
RELATED_PARAM_INST_ID,
ACTIVITY_TYPE_ID,
SERVICE_REQUEST_ID,
DISPLAYNAME,
ALPHACODE,
U_ID,
STATUS,
PARAM_IDENTIFY_ID,
DEL_FLG,
CREATED_DATE,
CREATED_BY,
MODIFIED_BY,
MODIFIED_DATE from PROCESS_PARAMETERS " >

			<field column ="PROC_PARAM_INST_ID" name="ID" />
			<field column ="PROC_PARAM_ID" name="PROC_PARAM_ID" />
			<field column ="PROC_PARAM_NAME" name="PROC_PARAM_NAME" />
			<field column ="PROC_PARAM_DESC" name="PROC_PARAM_DESC" />
			<field column ="PROC_PARAM_VALUE" name="PROC_PARAM_VALUE" />
			<field column ="RELATED_PARAM_INST_ID" name="RELATED_PARAM_INST_ID" />
			<field column ="ACTIVITY_TYPE_ID" name="ACTIVITY_TYPE_ID" />
			<field column ="SERVICE_REQUEST_ID" name="SERVICE_REQUEST_ID" />
			<field column ="DISPLAYNAME" name="DISPLAYNAME" />
			<field column ="ALPHACODE" name="ALPHACODE" />
			<field column ="U_ID" name="U_ID" />
			<field column ="STATUS" name="STATUS" />
			<field column ="PARAM_IDENTIFY_ID" name="PARAM_IDENTIFY_ID" />
			<field column ="DEL_FLG" name="DEL_FLG" />
			<field column ="CREATED_DATE" name="CREATED_DATE" />
			<field column ="CREATED_BY" name="CREATED_BY" />
			<field column ="MODIFIED_BY" name="MODIFIED_BY" />
			<field column ="MODIFIED_DATE" name="MODIFIED_DATE" />
			


		</entity>
	</document>
</dataConfig>
